Area code,Area name,Previously served in regular UK armed forces (number),Previously served in reserve UK armed forces (number),Previously served in both regular and reserve UK armed forces (number),Previously participated (number),Not participated (number),Previously served in regular UK armed forces (percent),Previously served in reserve UK armed forces (percent),Previously served in both regular and reserve UK armed forces (percent),Previsously participated (%),Not participated (%)
E06000001,Hartlepool,"3,031",654,159,"3,844","70,842",4.1,0.9,0.2,5.1,94.9
E06000002,Middlesbrough,"3,448",975,201,"4,624","109,313",3.0,0.9,0.2,4.1,95.9
E06000003,Redcar and Cleveland,"5,506","1,198",288,"6,992","105,350",4.9,1.1,0.3,6.2,93.8
E06000004,Stockton-on-Tees,"6,344","1,587",306,"8,237","149,773",4.0,1.0,0.2,5.2,94.8
E06000005,Darlington,"4,324",808,255,"5,387","82,719",4.9,0.9,0.3,6.1,93.9
E06000006,Halton,"3,630","1,136",243,"5,009","98,939",3.5,1.1,0.2,4.8,95.2
E06000007,Warrington,"5,104","1,497",276,"6,877","165,843",3.0,0.9,0.2,4.0,96.0
E06000008,Blackburn with Darwen,"2,714",690,121,"3,525","115,983",2.3,0.6,0.1,2.9,97.1
E06000009,Blackpool,"4,861",900,220,"5,981","110,358",4.2,0.8,0.2,5.1,94.9
E06000010,"Kingston upon Hull, City of","7,347","2,189",543,"10,079","203,798",3.4,1.0,0.3,4.7,95.3
E06000011,East Riding of Yorkshire,"13,936","3,014",782,"17,732","270,407",4.8,1.0,0.3,6.2,93.8
E06000012,North East Lincolnshire,"5,812",953,269,"7,034","120,487",4.6,0.7,0.2,5.5,94.5
E06000013,North Lincolnshire,"6,281","1,044",326,"7,651","131,816",4.5,0.7,0.2,5.5,94.5
E06000014,York,"5,661","1,398",325,"7,384","164,700",3.3,0.8,0.2,4.3,95.7
E06000015,Derby,"5,156","1,407",307,"6,870","202,320",2.5,0.7,0.1,3.3,96.7
E06000016,Leicester,"3,268","1,165",197,"4,630","286,385",1.1,0.4,0.1,1.6,98.4
E06000017,Rutland,"2,015",283,83,"2,381","31,917",5.9,0.8,0.2,6.9,93.1
E06000018,Nottingham,"4,670","1,769",312,"6,751","257,568",1.8,0.7,0.1,2.6,97.4
E06000019,"Herefordshire, County of","7,514","1,631",496,"9,641","147,491",4.8,1.0,0.3,6.1,93.9
E06000020,Telford and Wrekin,"6,285","1,415",366,"8,066","140,608",4.2,1.0,0.2,5.4,94.6
E06000021,Stoke-on-Trent,"5,743","1,429",288,"7,460","198,440",2.8,0.7,0.1,3.6,96.4
E06000022,Bath and North East Somerset,"4,341","1,274",243,"5,858","155,760",2.7,0.8,0.2,3.6,96.4
E06000023,"Bristol, City of","6,450","2,623",418,"9,491","380,216",1.7,0.7,0.1,2.4,97.6
E06000024,North Somerset,"7,426","1,593",424,"9,443","169,124",4.2,0.9,0.2,5.3,94.7
E06000025,South Gloucestershire,"6,970","2,124",404,"9,498","227,868",2.9,0.9,0.2,4.0,96.0
E06000026,Plymouth,"15,507","2,143",629,"18,279","200,345",7.1,1.0,0.3,8.4,91.6
E06000027,Torbay,"5,636","1,054",246,"6,936","110,095",4.8,0.9,0.2,5.9,94.1
E06000030,Swindon,"7,729","1,377",398,"9,504","177,647",4.1,0.7,0.2,5.1,94.9
E06000031,Peterborough,"5,387","1,057",249,"6,693","160,880",3.2,0.6,0.1,4.0,96.0
E06000032,Luton,"2,220",765,126,"3,111","169,587",1.3,0.4,0.1,1.8,98.2
E06000033,Southend-on-Sea,"3,554","1,043",184,"4,781","141,629",2.4,0.7,0.1,3.3,96.7
E06000034,Thurrock,"2,311",808,129,"3,248","133,115",1.7,0.6,0.1,2.4,97.6
E06000035,Medway,"6,469","1,633",427,"8,529","214,228",2.9,0.7,0.2,3.8,96.2
E06000036,Bracknell Forest,"2,939",757,172,"3,868","96,065",2.9,0.8,0.2,3.9,96.1
E06000037,West Berkshire,"4,156","1,155",256,"5,567","125,169",3.2,0.9,0.2,4.3,95.7
E06000038,Reading,"2,711",781,151,"3,643","137,717",1.9,0.6,0.1,2.6,97.4
E06000039,Slough,"1,058",434,47,"1,539","117,396",0.9,0.4,0.0,1.3,98.7
E06000040,Windsor and Maidenhead,"3,095",878,177,"4,150","119,525",2.5,0.7,0.1,3.4,96.6
E06000041,Wokingham,"3,443",972,191,"4,606","136,215",2.4,0.7,0.1,3.3,96.7
E06000042,Milton Keynes,"4,971","1,367",241,"6,579","218,252",2.2,0.6,0.1,2.9,97.1
E06000043,Brighton and Hove,"3,949","1,423",246,"5,618","229,749",1.7,0.6,0.1,2.4,97.6
E06000044,Portsmouth,"7,660","1,281",337,"9,278","161,542",4.5,0.7,0.2,5.4,94.6
E06000045,Southampton,"4,770","1,346",245,"6,361","198,007",2.3,0.7,0.1,3.1,96.9
E06000046,Isle of Wight,"5,681","1,204",309,"7,194","112,392",4.8,1.0,0.3,6.0,94.0
E06000047,County Durham,"17,350","4,316",949,"22,615","411,343",4.0,1.0,0.2,5.2,94.8
E06000049,Cheshire East,"9,584","2,670",572,"12,826","316,648",2.9,0.8,0.2,3.9,96.1
E06000050,Cheshire West and Chester,"9,931","2,819",604,"13,354","282,004",3.4,1.0,0.2,4.5,95.5
E06000051,Shropshire,"11,487","2,687",673,"14,847","257,400",4.2,1.0,0.2,5.5,94.5
E06000052,Cornwall,"24,663","4,282","1,284","30,229","447,196",5.2,0.9,0.3,6.3,93.7
E06000053,Isles of Scilly,82,20,2,104,"1,628",4.7,1.2,0.1,6.0,94.0
E06000054,Wiltshire,"25,881","4,039","1,458","31,378","387,736",6.2,1.0,0.3,7.5,92.5
E06000055,Bedford,"3,563",984,169,"4,716","143,402",2.4,0.7,0.1,3.2,96.8
E06000056,Central Bedfordshire,"6,533","1,697",368,"8,598","228,161",2.8,0.7,0.2,3.6,96.4
E06000057,Northumberland,"11,253","3,524",801,"15,578","253,267",4.2,1.3,0.3,5.8,94.2
E06000058,"Bournemouth, Christchurch and Poole","12,743","2,443",708,"15,894","319,015",3.8,0.7,0.2,4.7,95.3
E06000059,Dorset,"18,609","3,185","1,090","22,884","299,018",5.8,1.0,0.3,7.1,92.9
E06000060,Buckinghamshire,"11,269","3,213",646,"15,128","428,267",2.5,0.7,0.1,3.4,96.6
E06000061,North Northamptonshire,"9,888","2,016",468,"12,372","276,814",3.4,0.7,0.2,4.3,95.7
E06000062,West Northamptonshire,"9,810","2,307",541,"12,658","330,844",2.9,0.7,0.2,3.7,96.3
E07000008,Cambridge,"1,617",567,85,"2,269","122,494",1.3,0.5,0.1,1.8,98.2
E07000009,East Cambridgeshire,"2,399",505,131,"3,035","68,394",3.4,0.7,0.2,4.2,95.8
E07000010,Fenland,"3,612",634,194,"4,440","80,392",4.3,0.7,0.2,5.2,94.8
E07000011,Huntingdonshire,"6,769","1,100",295,"8,164","140,097",4.6,0.7,0.2,5.5,94.5
E07000012,South Cambridgeshire,"3,463","1,001",214,"4,678","125,684",2.7,0.8,0.2,3.6,96.4
E07000026,Allerdale,"3,097",702,186,"3,985","76,528",3.8,0.9,0.2,4.9,95.1
E07000027,Barrow-in-Furness,"2,112",490,101,"2,703","53,131",3.8,0.9,0.2,4.8,95.2
E07000028,Carlisle,"3,844",805,243,"4,892","86,451",4.2,0.9,0.3,5.4,94.6
E07000029,Copeland,"2,384",562,108,"3,054","52,954",4.3,1.0,0.2,5.5,94.5
E07000030,Eden,"1,645",429,92,"2,166","44,469",3.5,0.9,0.2,4.6,95.4
E07000031,South Lakeland,"3,069",840,166,"4,075","85,628",3.4,0.9,0.2,4.5,95.5
E07000032,Amber Valley,"3,096",730,173,"3,999","101,064",2.9,0.7,0.2,3.8,96.2
E07000033,Bolsover,"2,169",500,129,"2,798","63,480",3.3,0.8,0.2,4.2,95.8
E07000034,Chesterfield,"2,867",600,148,"3,615","82,389",3.3,0.7,0.2,4.2,95.8
E07000035,Derbyshire Dales,"1,853",457,107,"2,417","58,643",3.0,0.7,0.2,4.0,96.0
E07000036,Erewash,"3,193",764,185,"4,142","89,384",3.4,0.8,0.2,4.4,95.6
E07000037,High Peak,"2,222",638,137,"2,997","72,663",2.9,0.8,0.2,4.0,96.0
E07000038,North East Derbyshire,"2,774",611,143,"3,528","81,746",3.3,0.7,0.2,4.1,95.9
E07000039,South Derbyshire,"2,676",752,142,"3,570","83,384",3.1,0.9,0.2,4.1,95.9
E07000040,East Devon,"6,969","1,219",371,"8,559","118,831",5.5,1.0,0.3,6.7,93.3
E07000041,Exeter,"3,339",798,215,"4,352","106,978",3.0,0.7,0.2,3.9,96.1
E07000042,Mid Devon,"2,795",573,190,"3,558","64,646",4.1,0.8,0.3,5.2,94.8
E07000043,North Devon,"3,984",675,192,"4,851","77,342",4.8,0.8,0.2,5.9,94.1
E07000044,South Hams,"4,099",732,166,"4,997","69,971",5.5,1.0,0.2,6.7,93.3
E07000045,Teignbridge,"5,577","1,016",293,"6,886","106,574",4.9,0.9,0.3,6.1,93.9
E07000046,Torridge,"2,587",502,127,"3,216","54,343",4.5,0.9,0.2,5.6,94.4
E07000047,West Devon,"2,849",491,168,"3,508","44,855",5.9,1.0,0.3,7.3,92.7
E07000061,Eastbourne,"3,075",735,176,"3,986","80,590",3.6,0.9,0.2,4.7,95.3
E07000062,Hastings,"2,186",607,121,"2,914","71,790",2.9,0.8,0.2,3.9,96.1
E07000063,Lewes,"2,860",775,179,"3,814","79,408",3.4,0.9,0.2,4.6,95.4
E07000064,Rother,"3,257",767,202,"4,226","75,263",4.1,1.0,0.3,5.3,94.7
E07000065,Wealden,"4,675","1,261",297,"6,233","127,415",3.5,0.9,0.2,4.7,95.3
E07000066,Basildon,"3,069",896,163,"4,128","144,535",2.1,0.6,0.1,2.8,97.2
E07000067,Braintree,"3,469",984,209,"4,662","121,907",2.7,0.8,0.2,3.7,96.3
E07000068,Brentwood,"1,256",454,88,"1,798","61,071",2.0,0.7,0.1,2.9,97.1
E07000069,Castle Point,"1,940",553,128,"2,621","71,789",2.6,0.7,0.2,3.5,96.5
E07000070,Chelmsford,"3,277","1,099",235,"4,611","143,127",2.2,0.7,0.2,3.1,96.9
E07000071,Colchester,"5,683","1,159",330,"7,172","149,170",3.6,0.7,0.2,4.6,95.4
E07000072,Epping Forest,"1,901",687,83,"2,671","107,261",1.7,0.6,0.1,2.4,97.6
E07000073,Harlow,"1,409",438,75,"1,922","71,180",1.9,0.6,0.1,2.6,97.4
E07000074,Maldon,"1,557",455,83,"2,095","53,333",2.8,0.8,0.1,3.8,96.2
E07000075,Rochford,"1,919",526,107,"2,552","68,160",2.7,0.7,0.2,3.6,96.4
E07000076,Tendring,"5,004","1,042",292,"6,338","118,553",4.0,0.8,0.2,5.1,94.9
E07000077,Uttlesford,"1,931",615,109,"2,655","70,866",2.6,0.8,0.1,3.6,96.4
E07000078,Cheltenham,"3,380",818,203,"4,401","94,034",3.4,0.8,0.2,4.5,95.5
E07000079,Cotswold,"3,510",681,193,"4,384","71,930",4.6,0.9,0.3,5.7,94.3
E07000080,Forest of Dean,"3,145",604,166,"3,915","69,132",4.3,0.8,0.2,5.4,94.6
E07000081,Gloucester,"4,106",793,224,"5,123","101,816",3.8,0.7,0.2,4.8,95.2
E07000082,Stroud,"3,725",866,203,"4,794","95,401",3.7,0.9,0.2,4.8,95.2
E07000083,Tewkesbury,"3,951",643,205,"4,799","72,554",5.1,0.8,0.3,6.2,93.8
E07000084,Basingstoke and Deane,"5,448","1,087",300,"6,835","142,972",3.6,0.7,0.2,4.6,95.4
E07000085,East Hampshire,"4,789",969,249,"6,007","97,823",4.6,0.9,0.2,5.8,94.2
E07000086,Eastleigh,"4,170",963,201,"5,334","104,998",3.8,0.9,0.2,4.8,95.2
E07000087,Fareham,"7,702",946,294,"8,942","86,696",8.1,1.0,0.3,9.3,90.7
E07000088,Gosport,"7,493",649,280,"8,422","58,789",11.1,1.0,0.4,12.5,87.5
E07000089,Hart,"3,209",644,164,"4,017","76,311",4.0,0.8,0.2,5.0,95.0
E07000090,Havant,"6,190",920,321,"7,431","95,433",6.0,0.9,0.3,7.2,92.8
E07000091,New Forest,"6,968","1,391",433,"8,792","139,951",4.7,0.9,0.3,5.9,94.1
E07000092,Rushmoor,"4,661",584,183,"5,428","75,443",5.8,0.7,0.2,6.7,93.3
E07000093,Test Valley,"5,330",921,290,"6,541","100,210",5.0,0.9,0.3,6.1,93.9
E07000094,Winchester,"4,356",934,267,"5,557","99,193",4.2,0.9,0.3,5.3,94.7
E07000095,Broxbourne,"1,271",440,71,"1,782","77,655",1.6,0.6,0.1,2.2,97.8
E07000096,Dacorum,"2,898",896,154,"3,948","119,832",2.3,0.7,0.1,3.2,96.8
E07000098,Hertsmere,"1,337",510,80,"1,927","84,265",1.6,0.6,0.1,2.2,97.8
E07000099,North Hertfordshire,"2,543",791,166,"3,500","104,243",2.4,0.7,0.2,3.2,96.8
E07000102,Three Rivers,"1,453",478,91,"2,022","72,982",1.9,0.6,0.1,2.7,97.3
E07000103,Watford,"1,112",375,75,"1,562","79,401",1.4,0.5,0.1,1.9,98.1
E07000105,Ashford,"3,851",906,205,"4,962","101,809",3.6,0.8,0.2,4.6,95.4
E07000106,Canterbury,"3,992",971,254,"5,217","127,557",3.0,0.7,0.2,3.9,96.1
E07000107,Dartford,"1,668",559,101,"2,328","88,370",1.8,0.6,0.1,2.6,97.4
E07000108,Dover,"4,638",830,242,"5,710","90,421",4.8,0.9,0.3,5.9,94.1
E07000109,Gravesham,"1,743",490,118,"2,351","82,204",2.1,0.6,0.1,2.8,97.2
E07000110,Maidstone,"4,355","1,053",256,"5,664","136,472",3.1,0.7,0.2,4.0,96.0
E07000111,Sevenoaks,"2,420",795,129,"3,344","93,259",2.5,0.8,0.1,3.5,96.5
E07000112,Folkestone and Hythe,"4,155",840,216,"5,211","86,344",4.5,0.9,0.2,5.7,94.3
E07000113,Swale,"3,667",908,198,"4,773","117,225",3.0,0.7,0.2,3.9,96.1
E07000114,Thanet,"4,600",928,237,"5,765","109,649",4.0,0.8,0.2,5.0,95.0
E07000115,Tonbridge and Malling,"2,942",886,195,"4,023","101,503",2.8,0.8,0.2,3.8,96.2
E07000116,Tunbridge Wells,"2,308",755,131,"3,194","89,209",2.5,0.8,0.1,3.5,96.5
E07000117,Burnley,"2,424",458,108,"2,990","72,209",3.2,0.6,0.1,4.0,96.0
E07000118,Chorley,"3,234",769,176,"4,179","92,190",3.4,0.8,0.2,4.3,95.7
E07000119,Fylde,"3,446",630,180,"4,256","64,991",5.0,0.9,0.3,6.1,93.9
E07000120,Hyndburn,"2,036",453,83,"2,572","63,060",3.1,0.7,0.1,3.9,96.1
E07000121,Lancaster,"4,326",961,234,"5,521","114,118",3.6,0.8,0.2,4.6,95.4
E07000122,Pendle,"2,078",392,115,"2,585","72,637",2.8,0.5,0.2,3.4,96.6
E07000123,Preston,"2,980",769,143,"3,892","114,777",2.5,0.6,0.1,3.3,96.7
E07000124,Ribble Valley,"1,608",368,91,"2,067","49,395",3.1,0.7,0.2,4.0,96.0
E07000125,Rossendale,"1,782",393,108,"2,283","55,017",3.1,0.7,0.2,4.0,96.0
E07000126,South Ribble,"3,309",771,165,"4,245","87,254",3.6,0.8,0.2,4.6,95.4
E07000127,West Lancashire,"2,988",968,174,"4,130","94,203",3.0,1.0,0.2,4.2,95.8
E07000128,Wyre,"4,318",813,208,"5,339","89,011",4.6,0.9,0.2,5.7,94.3
E07000129,Blaby,"2,413",589,139,"3,141","80,525",2.9,0.7,0.2,3.8,96.2
E07000130,Charnwood,"3,882","1,062",227,"5,171","147,929",2.5,0.7,0.1,3.4,96.6
E07000131,Harborough,"2,411",593,141,"3,145","77,283",3.0,0.7,0.2,3.9,96.1
E07000132,Hinckley and Bosworth,"3,094",680,163,"3,937","89,981",3.3,0.7,0.2,4.2,95.8
E07000133,Melton,"1,914",395,116,"2,425","40,521",4.5,0.9,0.3,5.6,94.4
E07000134,North West Leicestershire,"2,698",602,155,"3,455","82,710",3.1,0.7,0.2,4.0,96.0
E07000135,Oadby and Wigston,"1,272",296,71,"1,639","45,571",2.7,0.6,0.2,3.5,96.5
E07000136,Boston,"2,292",358,127,"2,777","54,807",4.0,0.6,0.2,4.8,95.2
E07000137,East Lindsey,"7,098","1,034",379,"8,511","112,907",5.8,0.9,0.3,7.0,93.0
E07000138,Lincoln,"3,757",706,179,"4,642","82,426",4.3,0.8,0.2,5.3,94.7
E07000139,North Kesteven,"8,779",890,340,"10,009","88,006",9.0,0.9,0.3,10.2,89.8
E07000140,South Holland,"3,735",517,181,"4,433","74,565",4.7,0.7,0.2,5.6,94.4
E07000141,South Kesteven,"7,259","1,053",381,"8,693","109,317",6.2,0.9,0.3,7.4,92.6
E07000142,West Lindsey,"4,784",734,228,"5,746","73,371",6.0,0.9,0.3,7.3,92.7
E07000143,Breckland,"6,173","1,014",323,"7,510","110,341",5.2,0.9,0.3,6.4,93.6
E07000144,Broadland,"5,049",922,217,"6,188","104,318",4.6,0.8,0.2,5.6,94.4
E07000145,Great Yarmouth,"3,275",589,145,"4,009","78,710",4.0,0.7,0.2,4.8,95.2
E07000146,King's Lynn and West Norfolk,"5,889","1,060",332,"7,281","121,611",4.6,0.8,0.3,5.6,94.4
E07000147,North Norfolk,"4,627",822,249,"5,698","83,447",5.2,0.9,0.3,6.4,93.6
E07000148,Norwich,"2,884",734,124,"3,742","117,021",2.4,0.6,0.1,3.1,96.9
E07000149,South Norfolk,"4,534",903,227,"5,664","111,554",3.9,0.8,0.2,4.8,95.2
E07000163,Craven,"1,608",409,83,"2,100","46,183",3.3,0.8,0.2,4.3,95.7
E07000164,Hambleton,"4,058",715,254,"5,027","71,957",5.3,0.9,0.3,6.5,93.5
E07000165,Harrogate,"5,623","1,171",282,"7,076","128,227",4.2,0.9,0.2,5.2,94.8
E07000166,Richmondshire,"3,413",388,161,"3,962","37,778",8.2,0.9,0.4,9.5,90.5
E07000167,Ryedale,"1,928",386,114,"2,428","43,895",4.2,0.8,0.2,5.2,94.8
E07000168,Scarborough,"4,458",854,223,"5,535","86,575",4.8,0.9,0.2,6.0,94.0
E07000169,Selby,"2,893",667,140,"3,700","71,732",3.8,0.9,0.2,4.9,95.1
E07000170,Ashfield,"3,324",801,200,"4,325","98,521",3.2,0.8,0.2,4.2,95.8
E07000171,Bassetlaw,"3,895",803,226,"4,924","92,440",4.0,0.8,0.2,5.1,94.9
E07000172,Broxtowe,"2,900",743,177,"3,820","88,720",3.1,0.8,0.2,4.1,95.9
E07000173,Gedling,"2,852",868,174,"3,894","92,563",3.0,0.9,0.2,4.0,96.0
E07000174,Mansfield,"3,155",666,165,"3,986","86,184",3.5,0.7,0.2,4.4,95.6
E07000175,Newark and Sherwood,"4,108",846,237,"5,191","96,775",4.0,0.8,0.2,5.1,94.9
E07000176,Rushcliffe,"2,907",867,158,"3,932","93,791",3.0,0.9,0.2,4.0,96.0
E07000177,Cherwell,"4,214",978,274,"5,466","125,122",3.2,0.7,0.2,4.2,95.8
E07000178,Oxford,"1,654",701,119,"2,474","134,244",1.2,0.5,0.1,1.8,98.2
E07000179,South Oxfordshire,"3,967","1,016",240,"5,223","116,268",3.3,0.8,0.2,4.3,95.7
E07000180,Vale of White Horse,"4,061",899,215,"5,175","107,252",3.6,0.8,0.2,4.6,95.4
E07000181,West Oxfordshire,"4,315",689,201,"5,205","88,606",4.6,0.7,0.2,5.5,94.5
E07000187,Mendip,"3,559",791,198,"4,548","91,503",3.7,0.8,0.2,4.7,95.3
E07000188,Sedgemoor,"4,489",824,261,"5,574","98,207",4.3,0.8,0.3,5.4,94.6
E07000189,South Somerset,"8,252","1,159",443,"9,854","133,956",5.7,0.8,0.3,6.9,93.1
E07000192,Cannock Chase,"2,639",622,153,"3,414","79,064",3.2,0.8,0.2,4.1,95.9
E07000193,East Staffordshire,"2,989",734,157,"3,880","96,628",3.0,0.7,0.2,3.9,96.1
E07000194,Lichfield,"2,780",681,146,"3,607","84,989",3.1,0.8,0.2,4.1,95.9
E07000195,Newcastle-under-Lyme,"3,164",786,179,"4,129","99,054",3.1,0.8,0.2,4.0,96.0
E07000196,South Staffordshire,"2,888",768,180,"3,836","89,536",3.1,0.8,0.2,4.1,95.9
E07000197,Stafford,"4,842",964,264,"6,070","107,543",4.3,0.8,0.2,5.3,94.7
E07000198,Staffordshire Moorlands,"2,568",583,172,"3,323","77,532",3.2,0.7,0.2,4.1,95.9
E07000199,Tamworth,"1,944",449,104,"2,497","61,294",3.0,0.7,0.2,3.9,96.1
E07000200,Babergh,"2,947",700,185,"3,832","73,547",3.8,0.9,0.2,5.0,95.0
E07000202,Ipswich,"3,349",770,200,"4,319","107,511",3.0,0.7,0.2,3.9,96.1
E07000203,Mid Suffolk,"3,663",740,215,"4,618","81,688",4.2,0.9,0.2,5.4,94.6
E07000207,Elmbridge,"2,229",829,133,"3,191","105,582",2.0,0.8,0.1,2.9,97.1
E07000208,Epsom and Ewell,"1,143",438,90,"1,671","62,935",1.8,0.7,0.1,2.6,97.4
E07000209,Guildford,"3,038",936,164,"4,138","115,218",2.5,0.8,0.1,3.5,96.5
E07000210,Mole Valley,"1,965",630,102,"2,697","69,643",2.7,0.9,0.1,3.7,96.3
E07000211,Reigate and Banstead,"2,714",924,174,"3,812","116,317",2.3,0.8,0.1,3.2,96.8
E07000212,Runnymede,"1,494",487,80,"2,061","70,657",2.1,0.7,0.1,2.8,97.2
E07000213,Spelthorne,"1,905",495,112,"2,512","80,850",2.3,0.6,0.1,3.0,97.0
E07000214,Surrey Heath,"2,519",584,143,"3,246","70,538",3.4,0.8,0.2,4.4,95.6
E07000215,Tandridge,"1,727",633,136,"2,496","68,329",2.4,0.9,0.2,3.5,96.5
E07000216,Waverley,"3,261",898,188,"4,347","99,288",3.1,0.9,0.2,4.2,95.8
E07000217,Woking,"1,776",548,102,"2,426","80,558",2.1,0.7,0.1,2.9,97.1
E07000218,North Warwickshire,"1,639",395,94,"2,128","51,770",3.0,0.7,0.2,3.9,96.1
E07000219,Nuneaton and Bedworth,"3,538",728,176,"4,442","104,146",3.3,0.7,0.2,4.1,95.9
E07000220,Rugby,"2,692",753,141,"3,586","88,601",2.9,0.8,0.2,3.9,96.1
E07000221,Stratford-on-Avon,"3,650",961,252,"4,863","107,776",3.2,0.9,0.2,4.3,95.7
E07000222,Warwick,"2,783",841,152,"3,776","119,476",2.3,0.7,0.1,3.1,96.9
E07000223,Adur,"1,819",459,115,"2,393","50,560",3.4,0.9,0.2,4.5,95.5
E07000224,Arun,"5,930","1,147",335,"7,412","132,142",4.2,0.8,0.2,5.3,94.7
E07000225,Chichester,"4,551",917,222,"5,690","99,020",4.3,0.9,0.2,5.4,94.6
E07000226,Crawley,"1,957",587,135,"2,679","90,891",2.1,0.6,0.1,2.9,97.1
E07000227,Horsham,"3,815","1,089",250,"5,154","115,509",3.2,0.9,0.2,4.3,95.7
E07000228,Mid Sussex,"3,365","1,087",221,"4,673","118,643",2.7,0.9,0.2,3.8,96.2
E07000229,Worthing,"2,937",760,165,"3,862","88,494",3.2,0.8,0.2,4.2,95.8
E07000234,Bromsgrove,"2,309",655,102,"3,066","78,035",2.8,0.8,0.1,3.8,96.2
E07000235,Malvern Hills,"2,599",618,191,"3,408","63,712",3.9,0.9,0.3,5.1,94.9
E07000236,Redditch,"1,908",556,128,"2,592","67,659",2.7,0.8,0.2,3.7,96.3
E07000237,Worcester,"2,547",727,157,"3,431","82,176",3.0,0.8,0.2,4.0,96.0
E07000238,Wychavon,"3,934",905,239,"5,078","105,639",3.6,0.8,0.2,4.6,95.4
E07000239,Wyre Forest,"2,844",660,183,"3,687","80,876",3.4,0.8,0.2,4.4,95.6
E07000240,St Albans,"2,045",792,109,"2,946","113,145",1.8,0.7,0.1,2.5,97.5
E07000241,Welwyn Hatfield,"1,792",637,107,"2,536","94,948",1.8,0.7,0.1,2.6,97.4
E07000242,East Hertfordshire,"2,465",802,124,"3,391","117,762",2.0,0.7,0.1,2.8,97.2
E07000243,Stevenage,"1,716",432,88,"2,236","69,000",2.4,0.6,0.1,3.1,96.9
E07000244,East Suffolk,"8,918","1,864",510,"11,292","195,425",4.3,0.9,0.2,5.5,94.5
E07000245,West Suffolk,"5,494","1,128",292,"6,914","141,213",3.7,0.8,0.2,4.7,95.3
E07000246,Somerset West and Taunton,"6,300","1,241",382,"7,923","123,372",4.8,0.9,0.3,6.0,94.0
E08000001,Bolton,"5,564","1,520",261,"7,345","224,944",2.4,0.7,0.1,3.2,96.8
E08000002,Bury,"3,756","1,113",211,"5,080","149,793",2.4,0.7,0.1,3.3,96.7
E08000003,Manchester,"5,114","2,303",311,"7,728","430,230",1.2,0.5,0.1,1.8,98.2
E08000004,Oldham,"4,504","1,210",227,"5,941","181,096",2.4,0.6,0.1,3.2,96.8
E08000005,Rochdale,"4,409","1,079",249,"5,737","169,211",2.5,0.6,0.1,3.3,96.7
E08000006,Salford,"4,390","1,400",238,"6,028","210,894",2.0,0.6,0.1,2.8,97.2
E08000007,Stockport,"5,898","1,758",351,"8,007","230,921",2.5,0.7,0.1,3.4,96.6
E08000008,Tameside,"5,090","1,330",276,"6,696","178,438",2.7,0.7,0.1,3.6,96.4
E08000009,Trafford,"3,796","1,350",195,"5,341","180,808",2.0,0.7,0.1,2.9,97.1
E08000010,Wigan,"7,817","1,913",404,"10,134","258,560",2.9,0.7,0.2,3.8,96.2
E08000011,Knowsley,"3,360","1,559",214,"5,133","119,167",2.7,1.3,0.2,4.1,95.9
E08000012,Liverpool,"7,799","4,206",575,"12,580","390,448",1.9,1.0,0.1,3.1,96.9
E08000013,St. Helens,"4,683","1,381",238,"6,302","144,269",3.1,0.9,0.2,4.2,95.8
E08000014,Sefton,"7,601","2,810",468,"10,879","221,510",3.3,1.2,0.2,4.7,95.3
E08000015,Wirral,"9,416","3,280",605,"13,301","248,810",3.6,1.3,0.2,5.1,94.9
E08000016,Barnsley,"6,689","1,377",315,"8,381","191,407",3.3,0.7,0.2,4.2,95.8
E08000017,Doncaster,"10,359","1,989",517,"12,865","238,062",4.1,0.8,0.2,5.1,94.9
E08000018,Rotherham,"6,258","1,613",341,"8,212","207,361",2.9,0.7,0.2,3.8,96.2
E08000019,Sheffield,"9,258","3,320",515,"13,093","443,157",2.0,0.7,0.1,2.9,97.1
E08000021,Newcastle upon Tyne,"5,465","2,723",446,"8,634","239,816",2.2,1.1,0.2,3.5,96.5
E08000022,North Tyneside,"5,810","2,571",425,"8,806","162,707",3.4,1.5,0.2,5.1,94.9
E08000023,South Tyneside,"4,549","1,572",343,"6,464","114,828",3.8,1.3,0.3,5.3,94.7
E08000024,Sunderland,"8,080","2,237",502,"10,819","215,251",3.6,1.0,0.2,4.8,95.2
E08000025,Birmingham,"12,256","4,814",701,"17,771","871,852",1.4,0.5,0.1,2.0,98.0
E08000026,Coventry,"5,111","1,608",293,"7,012","269,861",1.8,0.6,0.1,2.5,97.5
E08000027,Dudley,"6,166","1,797",347,"8,310","254,178",2.3,0.7,0.1,3.2,96.8
E08000028,Sandwell,"4,225","1,375",244,"5,844","260,185",1.6,0.5,0.1,2.2,97.8
E08000029,Solihull,"4,335","1,288",228,"5,851","168,650",2.5,0.7,0.1,3.4,96.6
E08000030,Walsall,"4,830","1,365",291,"6,486","216,614",2.2,0.6,0.1,2.9,97.1
E08000031,Wolverhampton,"3,935","1,321",240,"5,496","202,944",1.9,0.6,0.1,2.6,97.4
E08000032,Bradford,"9,412","2,461",518,"12,391","409,184",2.2,0.6,0.1,2.9,97.1
E08000033,Calderdale,"5,082","1,214",261,"6,557","160,077",3.0,0.7,0.2,3.9,96.1
E08000034,Kirklees,"8,942","2,371",478,"11,791","334,484",2.6,0.7,0.1,3.4,96.6
E08000035,Leeds,"14,811","4,730",860,"20,401","638,070",2.2,0.7,0.1,3.1,96.9
E08000036,Wakefield,"9,067","2,144",512,"11,723","275,815",3.2,0.7,0.2,4.1,95.9
E08000037,Gateshead,"5,026","2,032",300,"7,358","154,391",3.1,1.3,0.2,4.5,95.5
E09000001,City of London,77,61,6,144,"7,860",1.0,0.8,0.1,1.8,98.2
E09000002,Barking and Dagenham,"1,436",662,72,"2,170","159,577",0.9,0.4,0.0,1.3,98.7
E09000003,Barnet,"2,569","1,197",151,"3,917","305,437",0.8,0.4,0.0,1.3,98.7
E09000004,Bexley,"3,522","1,242",194,"4,958","190,872",1.8,0.6,0.1,2.5,97.5
E09000005,Brent,"1,304",740,64,"2,108","273,035",0.5,0.3,0.0,0.8,99.2
E09000006,Bromley,"4,589","1,809",275,"6,673","258,415",1.7,0.7,0.1,2.5,97.5
E09000007,Camden,"1,146",684,62,"1,892","176,016",0.6,0.4,0.0,1.1,98.9
E09000008,Croydon,"3,357","1,574",208,"5,139","305,259",1.1,0.5,0.1,1.7,98.3
E09000009,Ealing,"2,107","1,063",128,"3,298","292,077",0.7,0.4,0.0,1.1,98.9
E09000010,Enfield,"2,148","1,034",140,"3,322","253,863",0.8,0.4,0.1,1.3,98.7
E09000011,Greenwich,"3,186","1,154",143,"4,483","225,264",1.4,0.5,0.1,2.0,98.0
E09000012,Hackney,878,692,63,"1,633","207,835",0.4,0.3,0.0,0.8,99.2
E09000013,Hammersmith and Fulham,"1,308",827,88,"2,223","152,405",0.8,0.5,0.1,1.4,98.6
E09000014,Haringey,"1,053",746,50,"1,849","214,151",0.5,0.3,0.0,0.9,99.1
E09000015,Harrow,"1,816",819,88,"2,723","206,898",0.9,0.4,0.0,1.3,98.7
E09000016,Havering,"3,645","1,243",183,"5,071","204,659",1.7,0.6,0.1,2.4,97.6
E09000017,Hillingdon,"3,442","1,210",178,"4,830","237,047",1.4,0.5,0.1,2.0,98.0
E09000018,Hounslow,"2,416",925,150,"3,491","225,190",1.1,0.4,0.1,1.5,98.5
E09000019,Islington,970,680,57,"1,707","181,919",0.5,0.4,0.0,0.9,99.1
E09000020,Kensington and Chelsea,"1,327",600,94,"2,021","121,068",1.1,0.5,0.1,1.6,98.4
E09000021,Kingston upon Thames,"1,801",752,105,"2,658","132,806",1.3,0.6,0.1,2.0,98.0
E09000022,Lambeth,"1,678","1,272",100,"3,050","265,893",0.6,0.5,0.0,1.1,98.9
E09000023,Lewisham,"1,762","1,049",114,"2,925","239,486",0.7,0.4,0.0,1.2,98.8
E09000024,Merton,"1,911",859,118,"2,888","169,884",1.1,0.5,0.1,1.7,98.3
E09000025,Newham,"1,213",791,60,"2,064","274,109",0.4,0.3,0.0,0.7,99.3
E09000026,Redbridge,"1,810",897,94,"2,801","239,215",0.7,0.4,0.0,1.2,98.8
E09000027,Richmond upon Thames,"2,285","1,079",142,"3,506","152,328",1.5,0.7,0.1,2.2,97.8
E09000028,Southwark,"1,566","1,227",84,"2,877","253,259",0.6,0.5,0.0,1.1,98.9
E09000029,Sutton,"2,408","1,018",143,"3,569","162,088",1.5,0.6,0.1,2.2,97.8
E09000030,Tower Hamlets,"1,067",808,57,"1,932","250,951",0.4,0.3,0.0,0.8,99.2
E09000031,Waltham Forest,"1,560",840,75,"2,475","219,707",0.7,0.4,0.0,1.1,98.9
E09000032,Wandsworth,"2,373","1,602",162,"4,137","269,421",0.9,0.6,0.1,1.5,98.5
E09000033,Westminster,"1,339",744,108,"2,191","175,276",0.8,0.4,0.1,1.2,98.8
W06000001,Isle of Anglesey,"2,619",481,121,"3,221","53,923",4.6,0.8,0.2,5.6,94.4
W06000002,Gwynedd,"3,214",796,167,"4,177","93,792",3.3,0.8,0.2,4.3,95.7
W06000003,Conwy,"4,453",954,242,"5,649","90,714",4.6,1.0,0.3,5.9,94.1
W06000004,Denbighshire,"3,344",746,219,"4,309","74,599",4.2,0.9,0.3,5.5,94.5
W06000005,Flintshire,"5,249","1,237",286,"6,772","120,806",4.1,1.0,0.2,5.3,94.7
W06000006,Wrexham,"3,923",938,205,"5,066","105,208",3.6,0.9,0.2,4.6,95.4
W06000008,Ceredigion,"1,851",537,137,"2,525","58,865",3.0,0.9,0.2,4.1,95.9
W06000009,Pembrokeshire,"4,654",930,248,"5,832","96,720",4.5,0.9,0.2,5.7,94.3
W06000010,Carmarthenshire,"5,610","1,334",336,"7,280","148,206",3.6,0.9,0.2,4.7,95.3
W06000011,Swansea,"5,839","1,865",370,"8,074","189,783",3.0,0.9,0.2,4.1,95.9
W06000012,Neath Port Talbot,"3,884","1,010",231,"5,125","112,057",3.3,0.9,0.2,4.4,95.6
W06000013,Bridgend,"4,773",870,219,"5,862","113,620",4.0,0.7,0.2,4.9,95.1
W06000014,Vale of Glamorgan,"4,533","1,111",248,"5,892","101,565",4.2,1.0,0.2,5.5,94.5
W06000015,Cardiff,"5,851","2,353",388,"8,592","287,722",2.0,0.8,0.1,2.9,97.1
W06000016,Rhondda Cynon Taf,"6,174","1,332",349,"7,855","185,988",3.2,0.7,0.2,4.1,95.9
W06000018,Caerphilly,"4,744","1,289",317,"6,350","137,133",3.3,0.9,0.2,4.4,95.6
W06000019,Blaenau Gwent,"1,643",424,72,"2,139","53,007",3.0,0.8,0.1,3.9,96.1
W06000020,Torfaen,"2,689",809,182,"3,680","71,434",3.6,1.1,0.2,4.9,95.1
W06000021,Monmouthshire,"3,205",779,228,"4,212","74,027",4.1,1.0,0.3,5.4,94.6
W06000022,Newport,"3,754","1,176",216,"5,146","122,279",2.9,0.9,0.2,4.0,96.0
W06000023,Powys,"4,485",960,291,"5,736","106,800",4.0,0.9,0.3,5.1,94.9
W06000024,Merthyr Tydfil,"1,452",323,72,"1,847","45,833",3.0,0.7,0.2,3.9,96.1
